{
    "Outlook": {
        "Yes": {
            "Overcast": 0.4444444444444444,
            "Rain": 0.3333333333333333,
            "Sunny": 0.2222222222222222
        },
        "No": {
            "Sunny": 0.6,
            "Rain": 0.4
        }
    },
    "Temperature": {
        "Yes": {
            "Mild": 0.4444444444444444,
            "Cool": 0.3333333333333333,
            "Hot": 0.2222222222222222
        },
        "No": {
            "Hot": 0.4,
            "Mild": 0.4,
            "Cool": 0.2
        }
    },
    "Humidity": {
        "Yes": {
            "Normal": 0.6666666666666666,
            "High": 0.3333333333333333
        },
        "No": {
            "High": 0.8,
            "Normal": 0.2
        }
    },
    "Wind": {
        "Yes": {
            "Weak": 0.6666666666666666,
            "Strong": 0.3333333333333333
        },
        "No": {
            "Strong": 0.6,
            "Weak": 0.4
        }
    }
}